{
  "model": "glove_rnn_text",
  "accuracy": 0.7330595482546202,
  "macro_f1": 0.7321751511811877,
  "negative_f1": 0.7185430463576159,
  "neutral_f1": 0.6726726726726727,
  "positive_f1": 0.8053097345132744,
  "runtime_seconds": 169.9495062828064
}