{
  "model": "mlp_text",
  "accuracy": 0.6642710472279261,
  "macro_f1": 0.6664417711092345,
  "negative_f1": 0.6571936056838366,
  "neutral_f1": 0.6086956521739131,
  "positive_f1": 0.7334360554699538,
  "runtime_seconds": 419.3902986049652
}