{
  "model": "naive_bayes",
  "accuracy": 0.6724845995893224,
  "macro_f1": 0.6695830927762906,
  "negative_f1": 0.6513409961685823,
  "neutral_f1": 0.6149425287356322,
  "positive_f1": 0.7424657534246575,
  "runtime_seconds": 0.04362797737121582
}