{
  "model": "rnn_text",
  "accuracy": 0.38295687885010266,
  "macro_f1": 0.2227911508707224,
  "negative_f1": 0.1282051282051282,
  "neutral_f1": 0.540168324407039,
  "positive_f1": 0.0,
  "runtime_seconds": 90.37783551216125
}