{
  "model": "rnn_text",
  "accuracy": 0.43018480492813144,
  "macro_f1": 0.3169706259447275,
  "negative_f1": 0.0,
  "neutral_f1": 0.3720136518771331,
  "positive_f1": 0.5788982259570495,
  "runtime_seconds": 52.207945108413696
}