{
  "model": "svm",
  "accuracy": 0.6817248459958932,
  "macro_f1": 0.6820458837338165,
  "negative_f1": 0.6537785588752196,
  "neutral_f1": 0.6201117318435754,
  "positive_f1": 0.7722473604826546,
  "runtime_seconds": 3.2309014797210693
}