{
  "model": "cnn_mobilenet",
  "accuracy": 0.41581108829568786,
  "macro_f1": 0.41415736188825103,
  "negative_f1": 0.3855421686746988,
  "neutral_f1": 0.43776824034334766,
  "positive_f1": 0.41916167664670656,
  "runtime_seconds": 1780.8935341835022
}